group_id,n_shuseki,interim_group_type,mean_neighbor_count,micro_n_score,micro_neighbor_score,micro_group_type_weight,micro_source_strength,micro_source_seed_value
C10,73,dense_candidate,12.027397260273972,1,0.882744753047631,1,0.9648234259142893,0.9648234259142893
C13,32,dense_candidate,13.625,0.8123732996016326,1,1,0.8686613097211429,0.8686613097211429
C6,16,dense_candidate,11,0.6582645203321088,0.8073394495412844,1,0.7029869990948614,0.7029869990948614
C1,20,dense_candidate,6.9,0.7073597568332597,0.5064220183486239,1,0.6470784352878689,0.6470784352878689
C2,15,dense_candidate,6.266666666666667,0.6441790870257778,0.4599388379204893,1,0.5889070122941912,0.5889070122941912
C12,10,dense_candidate,8,0.5571233754304706,0.5871559633027523,1,0.5661331517921551,0.5661331517921551
C11,9,dense_candidate,4.222222222222222,0.5349791518324556,0.30988786952089703,1,0.46745176713898795,0.46745176713898795
C14,7,intermediate_candidate,6,0.48313431526933326,0.44036697247706424,0.65,0.30569767308057416,0.30569767308057416
C7,7,intermediate_candidate,2.857142857142857,0.48313431526933326,0.20969855832241155,0.65,0.2607173323204169,0.2607173323204169
C4,5,intermediate_candidate,4,0.41629469592760643,0.29357798165137616,0.65,0.2466617930690793,0.2466617930690793
C5,5,intermediate_candidate,4,0.41629469592760643,0.29357798165137616,0.65,0.2466617930690793,0.2466617930690793
C15,5,intermediate_candidate,2.4,0.41629469592760643,0.17614678899082567,0.65,0.2237627105002719,0.2237627105002719
C3,4,intermediate_candidate,3,0.3739343800760111,0.22018348623853212,0.65,0.21307592275109882,0.21307592275109882
C8,4,intermediate_candidate,3,0.3739343800760111,0.22018348623853212,0.65,0.21307592275109882,0.21307592275109882
C16,4,intermediate_candidate,2,0.3739343800760111,0.14678899082568808,0.65,0.19876399614559423,0.19876399614559423
C9,4,intermediate_candidate,2,0.3739343800760111,0.14678899082568808,0.65,0.19876399614559423,0.19876399614559423
N10,1,small_or_isolated_candidate,0,0.16104477175644444,0,0.25,0.028182835057377776,0.05
N104,1,small_or_isolated_candidate,2,0.16104477175644444,0.14678899082568808,0.25,0.03919200936930438,0.05
N107,1,small_or_isolated_candidate,1,0.16104477175644444,0.07339449541284404,0.25,0.033687422213341076,0.05
N11,1,small_or_isolated_candidate,0,0.16104477175644444,0,0.25,0.028182835057377776,0.05
N110,1,small_or_isolated_candidate,0,0.16104477175644444,0,0.25,0.028182835057377776,0.05
N111,1,small_or_isolated_candidate,1,0.16104477175644444,0.07339449541284404,0.25,0.033687422213341076,0.05
N112,1,small_or_isolated_candidate,1,0.16104477175644444,0.07339449541284404,0.25,0.033687422213341076,0.05
N113,1,small_or_isolated_candidate,0,0.16104477175644444,0,0.25,0.028182835057377776,0.05
N114,1,small_or_isolated_candidate,0,0.16104477175644444,0,0.25,0.028182835057377776,0.05
N117,1,small_or_isolated_candidate,2,0.16104477175644444,0.14678899082568808,0.25,0.03919200936930438,0.05
N118,1,small_or_isolated_candidate,1,0.16104477175644444,0.07339449541284404,0.25,0.033687422213341076,0.05
N119,1,small_or_isolated_candidate,0,0.16104477175644444,0,0.25,0.028182835057377776,0.05
N120,1,small_or_isolated_candidate,0,0.16104477175644444,0,0.25,0.028182835057377776,0.05
N121,1,small_or_isolated_candidate,2,0.16104477175644444,0.14678899082568808,0.25,0.03919200936930438,0.05
N122,1,small_or_isolated_candidate,2,0.16104477175644444,0.14678899082568808,0.25,0.03919200936930438,0.05
N123,1,small_or_isolated_candidate,2,0.16104477175644444,0.14678899082568808,0.25,0.03919200936930438,0.05
N124,1,small_or_isolated_candidate,2,0.16104477175644444,0.14678899082568808,0.25,0.03919200936930438,0.05
N125,1,small_or_isolated_candidate,2,0.16104477175644444,0.14678899082568808,0.25,0.03919200936930438,0.05
N126,1,small_or_isolated_candidate,0,0.16104477175644444,0,0.25,0.028182835057377776,0.05
N127,1,small_or_isolated_candidate,1,0.16104477175644444,0.07339449541284404,0.25,0.033687422213341076,0.05
N128,1,small_or_isolated_candidate,1,0.16104477175644444,0.07339449541284404,0.25,0.033687422213341076,0.05
N129,1,small_or_isolated_candidate,1,0.16104477175644444,0.07339449541284404,0.25,0.033687422213341076,0.05
N131,1,small_or_isolated_candidate,0,0.16104477175644444,0,0.25,0.028182835057377776,0.05
N132,1,small_or_isolated_candidate,0,0.16104477175644444,0,0.25,0.028182835057377776,0.05
N133,1,small_or_isolated_candidate,0,0.16104477175644444,0,0.25,0.028182835057377776,0.05
N134,1,small_or_isolated_candidate,2,0.16104477175644444,0.14678899082568808,0.25,0.03919200936930438,0.05
N135,1,small_or_isolated_candidate,0,0.16104477175644444,0,0.25,0.028182835057377776,0.05
N136,1,small_or_isolated_candidate,0,0.16104477175644444,0,0.25,0.028182835057377776,0.05
N137,1,small_or_isolated_candidate,0,0.16104477175644444,0,0.25,0.028182835057377776,0.05
N138,1,small_or_isolated_candidate,0,0.16104477175644444,0,0.25,0.028182835057377776,0.05
N140,1,small_or_isolated_candidate,1,0.16104477175644444,0.07339449541284404,0.25,0.033687422213341076,0.05
N141,1,small_or_isolated_candidate,1,0.16104477175644444,0.07339449541284404,0.25,0.033687422213341076,0.05
N142,1,small_or_isolated_candidate,0,0.16104477175644444,0,0.25,0.028182835057377776,0.05
N143,1,small_or_isolated_candidate,1,0.16104477175644444,0.07339449541284404,0.25,0.033687422213341076,0.05
N144,1,small_or_isolated_candidate,1,0.16104477175644444,0.07339449541284404,0.25,0.033687422213341076,0.05
N145,1,small_or_isolated_candidate,0,0.16104477175644444,0,0.25,0.028182835057377776,0.05
N146,1,small_or_isolated_candidate,0,0.16104477175644444,0,0.25,0.028182835057377776,0.05
N147,1,small_or_isolated_candidate,0,0.16104477175644444,0,0.25,0.028182835057377776,0.05
N148,1,small_or_isolated_candidate,0,0.16104477175644444,0,0.25,0.028182835057377776,0.05
N149,1,small_or_isolated_candidate,0,0.16104477175644444,0,0.25,0.028182835057377776,0.05
N150,1,small_or_isolated_candidate,0,0.16104477175644444,0,0.25,0.028182835057377776,0.05
N151,1,small_or_isolated_candidate,0,0.16104477175644444,0,0.25,0.028182835057377776,0.05
N152,1,small_or_isolated_candidate,2,0.16104477175644444,0.14678899082568808,0.25,0.03919200936930438,0.05
N153,1,small_or_isolated_candidate,2,0.16104477175644444,0.14678899082568808,0.25,0.03919200936930438,0.05
N157,1,small_or_isolated_candidate,2,0.16104477175644444,0.14678899082568808,0.25,0.03919200936930438,0.05
N17,1,small_or_isolated_candidate,1,0.16104477175644444,0.07339449541284404,0.25,0.033687422213341076,0.05
N18,1,small_or_isolated_candidate,1,0.16104477175644444,0.07339449541284404,0.25,0.033687422213341076,0.05
N182,1,small_or_isolated_candidate,0,0.16104477175644444,0,0.25,0.028182835057377776,0.05
N19,1,small_or_isolated_candidate,0,0.16104477175644444,0,0.25,0.028182835057377776,0.05
N20,1,small_or_isolated_candidate,1,0.16104477175644444,0.07339449541284404,0.25,0.033687422213341076,0.05
N206,1,small_or_isolated_candidate,0,0.16104477175644444,0,0.25,0.028182835057377776,0.05
N207,1,small_or_isolated_candidate,0,0.16104477175644444,0,0.25,0.028182835057377776,0.05
N21,1,small_or_isolated_candidate,1,0.16104477175644444,0.07339449541284404,0.25,0.033687422213341076,0.05
N211,1,small_or_isolated_candidate,0,0.16104477175644444,0,0.25,0.028182835057377776,0.05
N212,1,small_or_isolated_candidate,0,0.16104477175644444,0,0.25,0.028182835057377776,0.05
N22,1,small_or_isolated_candidate,0,0.16104477175644444,0,0.25,0.028182835057377776,0.05
N24,1,small_or_isolated_candidate,0,0.16104477175644444,0,0.25,0.028182835057377776,0.05
N259,1,small_or_isolated_candidate,0,0.16104477175644444,0,0.25,0.028182835057377776,0.05
N292,1,small_or_isolated_candidate,0,0.16104477175644444,0,0.25,0.028182835057377776,0.05
N294,1,small_or_isolated_candidate,0,0.16104477175644444,0,0.25,0.028182835057377776,0.05
N296,1,small_or_isolated_candidate,0,0.16104477175644444,0,0.25,0.028182835057377776,0.05
N30,1,small_or_isolated_candidate,0,0.16104477175644444,0,0.25,0.028182835057377776,0.05
N300,1,small_or_isolated_candidate,1,0.16104477175644444,0.07339449541284404,0.25,0.033687422213341076,0.05
N304,1,small_or_isolated_candidate,2,0.16104477175644444,0.14678899082568808,0.25,0.03919200936930438,0.05
N305,1,small_or_isolated_candidate,1,0.16104477175644444,0.07339449541284404,0.25,0.033687422213341076,0.05
N307,1,small_or_isolated_candidate,1,0.16104477175644444,0.07339449541284404,0.25,0.033687422213341076,0.05
N308,1,small_or_isolated_candidate,1,0.16104477175644444,0.07339449541284404,0.25,0.033687422213341076,0.05
N31,1,small_or_isolated_candidate,0,0.16104477175644444,0,0.25,0.028182835057377776,0.05
N32,1,small_or_isolated_candidate,0,0.16104477175644444,0,0.25,0.028182835057377776,0.05
N33,1,small_or_isolated_candidate,0,0.16104477175644444,0,0.25,0.028182835057377776,0.05
N34,1,small_or_isolated_candidate,0,0.16104477175644444,0,0.25,0.028182835057377776,0.05
N35,1,small_or_isolated_candidate,1,0.16104477175644444,0.07339449541284404,0.25,0.033687422213341076,0.05
N36,1,small_or_isolated_candidate,1,0.16104477175644444,0.07339449541284404,0.25,0.033687422213341076,0.05
N48,1,small_or_isolated_candidate,0,0.16104477175644444,0,0.25,0.028182835057377776,0.05
N49,1,small_or_isolated_candidate,1,0.16104477175644444,0.07339449541284404,0.25,0.033687422213341076,0.05
N50,1,small_or_isolated_candidate,1,0.16104477175644444,0.07339449541284404,0.25,0.033687422213341076,0.05
N51,1,small_or_isolated_candidate,1,0.16104477175644444,0.07339449541284404,0.25,0.033687422213341076,0.05
N52,1,small_or_isolated_candidate,1,0.16104477175644444,0.07339449541284404,0.25,0.033687422213341076,0.05
N61,1,small_or_isolated_candidate,1,0.16104477175644444,0.07339449541284404,0.25,0.033687422213341076,0.05
N62,1,small_or_isolated_candidate,2,0.16104477175644444,0.14678899082568808,0.25,0.03919200936930438,0.05
N63,1,small_or_isolated_candidate,2,0.16104477175644444,0.14678899082568808,0.25,0.03919200936930438,0.05
N65,1,small_or_isolated_candidate,1,0.16104477175644444,0.07339449541284404,0.25,0.033687422213341076,0.05
N66,1,small_or_isolated_candidate,2,0.16104477175644444,0.14678899082568808,0.25,0.03919200936930438,0.05
N67,1,small_or_isolated_candidate,0,0.16104477175644444,0,0.25,0.028182835057377776,0.05
N68,1,small_or_isolated_candidate,0,0.16104477175644444,0,0.25,0.028182835057377776,0.05
N69,1,small_or_isolated_candidate,0,0.16104477175644444,0,0.25,0.028182835057377776,0.05
N71,1,small_or_isolated_candidate,0,0.16104477175644444,0,0.25,0.028182835057377776,0.05
N92,1,small_or_isolated_candidate,2,0.16104477175644444,0.14678899082568808,0.25,0.03919200936930438,0.05
N93,1,small_or_isolated_candidate,0,0.16104477175644444,0,0.25,0.028182835057377776,0.05
N94,1,small_or_isolated_candidate,2,0.16104477175644444,0.14678899082568808,0.25,0.03919200936930438,0.05
N95,1,small_or_isolated_candidate,2,0.16104477175644444,0.14678899082568808,0.25,0.03919200936930438,0.05
N96,1,small_or_isolated_candidate,1,0.16104477175644444,0.07339449541284404,0.25,0.033687422213341076,0.05
