macro_cluster_id,micro_group_ids,n_micro_groups,n_shuseki,n_dense_micro_groups,n_intermediate_micro_groups,n_small_micro_groups,macro_group_type,selected_eps_m,selected_min_pts,selected_d_adj_m,selected_d_adj_safe_m,macro_hull_buffer_m,macro_link_max_boundary_distance_m,macro_nearest_shuseki_link_m,macro_corridor_width_m,nearest_macro_distance_m,isolation_ring_inner_m,isolation_ring_outer_m,context_area_m2,surveyed_area_m2,absence_area_m2,no_data_area_m2,surveyed_ratio,absence_ratio_in_surveyed,no_data_ratio,small_size_factor,spacing_factor,absence_enclosure_factor,surveyed_coverage_factor,isolation_score,size_support_factor,macro_structure_bonus,cluster_support,isolated_shuseki_weight
M1,C1,1,20,1,0,0,single_dense_micro_cluster,40,4,26.71588027676156,26.71588027676156,13.35794013838078,106.86352110704624,80.14764083028467,26.71588027676156,52.911550661160135,26.71588027676156,80.14764083028467,39077.51361957043,3418.5624028405787,2763.41402088365,33989.195652968236,0.08748157408685608,0.8083555878890649,0.8697891064375725,0,0.6601760215650281,0.8083555878890649,0.08748157408685608,0,1,0.75,1,0
M10,C9,1,4,0,1,0,intermediate_candidate,40,4,26.71588027676156,26.71588027676156,13.35794013838078,106.86352110704624,80.14764083028467,26.71588027676156,157.2791924517786,26.71588027676156,80.14764083028467,28955.81573457862,1747.1201911767253,690.8924498744225,27231.446883630066,0.06033745369813012,0.39544643428858245,0.9404482724038978,0.8,1,0.39544643428858245,0.06033745369813012,0.0190881847351824,0.2,0,0.19618236305296355,0.0190881847351824
M100,N94,1,1,0,0,1,small_or_isolated_candidate,40,4,26.71588027676156,26.71588027676156,13.35794013838078,106.86352110704624,80.14764083028467,26.71588027676156,14.115064572659405,26.71588027676156,80.14764083028467,22414.041141630656,1354.3985077601342,958.9456452524964,20971.9961243348,0.060426341649054346,0.7080232588548651,0.935663318890877,1,0.1761132882569623,0.7080232588548651,0.060426341649054346,0.007534699779391281,0,0,0,0.007534699779391281
M101,N95,1,1,0,0,1,small_or_isolated_candidate,40,4,26.71588027676156,26.71588027676156,13.35794013838078,106.86352110704624,80.14764083028467,26.71588027676156,14.115064572659405,26.71588027676156,80.14764083028467,22414.04114163464,2055.6636467315648,1642.3675403525663,20332.749706690134,0.09171320931115444,0.7989476016486816,0.9071434097139023,1,0.1761132882569623,0.7989476016486816,0.09171320931115444,0.012904533646131042,0,0,0,0.012904533646131042
M102,N96,1,1,0,0,1,small_or_isolated_candidate,40,4,26.71588027676156,26.71588027676156,13.35794013838078,106.86352110704624,80.14764083028467,26.71588027676156,33.23251017094563,26.71588027676156,80.14764083028467,22414.041141630594,8166.845197819444,7208.698490210993,13570.05353848772,0.36436290743889105,0.882678478114869,0.6054264580287335,1,0.4146411525863449,0.882678478114869,0.36436290743889105,0.13335493727977882,0,0,0,0.13335493727977882
M11,N10,1,1,0,0,1,small_or_isolated_candidate,40,4,26.71588027676156,26.71588027676156,13.35794013838078,106.86352110704624,80.14764083028467,26.71588027676156,47.48676996239782,26.71588027676156,80.14764083028467,22414.041141632122,3046.208216998753,2023.0946183089277,18319.918480183056,0.1359062472380622,0.6641353690202313,0.8173411641578282,1,0.5924911759156163,0.6641353690202313,0.1359062472380622,0.053478339841359294,0,0,0,0.053478339841359294
M12,N104,1,1,0,0,1,small_or_isolated_candidate,40,4,26.71588027676156,26.71588027676156,13.35794013838078,106.86352110704624,80.14764083028467,26.71588027676156,33.23251017094563,26.71588027676156,80.14764083028467,22414.041141633243,6757.200896473971,5702.528750170466,14569.730789148234,0.3014717807367063,0.8439187819835501,0.650026949494864,1,0.4146411525863449,0.8439187819835501,0.3014717807367063,0.1054920475378032,0,0,0,0.1054920475378032
M13,N107,1,1,0,0,1,small_or_isolated_candidate,40,4,26.71588027676156,26.71588027676156,13.35794013838078,106.86352110704624,80.14764083028467,26.71588027676156,36.635516439655866,26.71588027676156,80.14764083028467,22414.041141628702,7847.711103555844,7075.862769688209,13717.78041100834,0.35012477464318575,0.9016466937069197,0.6120172763282233,1,0.45710037201510156,0.9016466937069197,0.35012477464318575,0.1443014886925144,0,0,0,0.1443014886925144
M14,N11,1,1,0,0,1,small_or_isolated_candidate,40,4,26.71588027676156,26.71588027676156,13.35794013838078,106.86352110704624,80.14764083028467,26.71588027676156,49.89474627218992,26.71588027676156,80.14764083028467,22414.041141634465,1293.5796375378065,461.09720668803755,20017.347860749658,0.05771291438985361,0.3564505758344247,0.8930717907698978,1,0.622535432800121,0.3564505758344247,0.05771291438985361,0.01280667539220606,0,0,0,0.01280667539220606
M15,N110,1,1,0,0,1,small_or_isolated_candidate,40,4,26.71588027676156,26.71588027676156,13.35794013838078,106.86352110704624,80.14764083028467,26.71588027676156,89.26967059535241,26.71588027676156,80.14764083028467,22414.0411416359,1937.166217954625,1420.6762412943604,19553.198222448962,0.08642645945519309,0.7333785960785516,0.8723638052991395,1,1,0.7333785960785516,0.08642645945519309,0.06338331549928937,0,0,0,0.06338331549928937
M16,N111,1,1,0,0,1,small_or_isolated_candidate,40,4,26.71588027676156,26.71588027676156,13.35794013838078,106.86352110704624,80.14764083028467,26.71588027676156,3.35624857039584,26.71588027676156,80.14764083028467,22414.041141632522,1258.9983514030416,983.2088823878147,20250.630055401845,0.0561700740820244,0.7809453295090624,0.9034796504316086,1,0.041875824860557145,0.7809453295090624,0.0561700740820244,0.0018369147580326716,0,0,0,0.0018369147580326716
M17,N112,1,1,0,0,1,small_or_isolated_candidate,40,4,26.71588027676156,26.71588027676156,13.35794013838078,106.86352110704624,80.14764083028467,26.71588027676156,3.35624857039584,26.71588027676156,80.14764083028467,22414.041141627727,1402.994937163249,1093.9510470549935,20055.029099829837,0.06259446604466089,0.7797255842325995,0.8947529351404333,1,0.041875824860557145,0.7797255842325995,0.06259446604466089,0.002043812722705266,0,0,0,0.002043812722705266
M18,N113,1,1,0,0,1,small_or_isolated_candidate,40,4,26.71588027676156,26.71588027676156,13.35794013838078,106.86352110704624,80.14764083028467,26.71588027676156,73.42253191625882,26.71588027676156,80.14764083028467,22414.041141632235,1203.9911475447607,634.9631924058317,13676.368803057154,0.05371593368357151,0.5273819443778143,0.6101697019576905,1,0.9160909935169957,0.5273819443778143,0.05371593368357151,0.02595177095027953,0,0,0,0.02595177095027953
M19,N114,1,1,0,0,1,small_or_isolated_candidate,40,4,26.71588027676156,26.71588027676156,13.35794013838078,106.86352110704624,80.14764083028467,26.71588027676156,55.2102734353246,26.71588027676156,80.14764083028467,22414.041141632235,872.5233088397247,303.9037554808852,21453.880525350043,0.03892753222528375,0.34830445490907774,0.9571625388650343,1,0.688857124968085,0.34830445490907774,0.03892753222528375,0.009339960872951332,0,0,0,0.009339960872951332
M2,C10;C11;C14;C15;C2,5,109,3,2,0,macro_settlement_complex_candidate,40,4,26.71588027676156,26.71588027676156,13.35794013838078,106.86352110704624,80.14764083028467,26.71588027676156,113.37744703382023,26.71588027676156,80.14764083028467,95953.43154246832,21458.840699500695,20281.330244679535,71516.86766426158,0.22363807478842654,0.9451270238075555,0.7453289216926933,0,1,0.9451270238075555,0.22363807478842654,0,1,0.9,1,0
M20,N117,1,1,0,0,1,small_or_isolated_candidate,40,4,26.71588027676156,26.71588027676156,13.35794013838078,106.86352110704624,80.14764083028467,26.71588027676156,18.490272429851302,26.71588027676156,80.14764083028467,22414.041141633486,1599.667815694655,1252.5677151080704,20089.718501796102,0.07136900506189017,0.7830173882470364,0.8963005990240637,1,0.23070264125434556,0.7830173882470364,0.07136900506189017,0.012892395369463164,0,0,0,0.012892395369463164
M21,N118,1,1,0,0,1,small_or_isolated_candidate,40,4,26.71588027676156,26.71588027676156,13.35794013838078,106.86352110704624,80.14764083028467,26.71588027676156,18.490272429851302,26.71588027676156,80.14764083028467,22414.041141630798,1878.1221986931178,1510.0421175426227,19659.141480091224,0.08379221697798979,0.8040169689668639,0.8770904521798726,1,0.23070264125434556,0.8040169689668639,0.08379221697798979,0.01554252099035102,0,0,0,0.01554252099035102
M22,N119,1,1,0,0,1,small_or_isolated_candidate,40,4,26.71588027676156,26.71588027676156,13.35794013838078,106.86352110704624,80.14764083028467,26.71588027676156,87.88323386960931,26.71588027676156,80.14764083028467,22414.04114163457,6925.704193522186,6222.2856972042355,13609.586799162971,0.30898953694956593,0.8984336499708032,0.6071902301402877,1,1,0.8984336499708032,0.30898953694956593,0.2776065974843869,0,0,0,0.2776065974843869
M23,N120,1,1,0,0,1,small_or_isolated_candidate,40,4,26.71588027676156,26.71588027676156,13.35794013838078,106.86352110704624,80.14764083028467,26.71588027676156,41.980700293513365,26.71588027676156,80.14764083028467,22414.04114163373,2743.618411847426,2036.1574780960714,18474.257399353974,0.1224062360959621,0.74214310171691,0.8242269781970878,1,0.5237920899307431,0.74214310171691,0.1224062360959621,0.047582815349571324,0,0,0,0.047582815349571324
M24,N121,1,1,0,0,1,small_or_isolated_candidate,40,4,26.71588027676156,26.71588027676156,13.35794013838078,106.86352110704624,80.14764083028467,26.71588027676156,3.0090505773191802,26.71588027676156,80.14764083028467,22414.0411416355,1712.1930180847023,1419.2921504088636,20322.05783615062,0.07638930468920196,0.8289323314707332,0.9066663930763076,1,0.03754384466151594,0.8289323314707332,0.07638930468920196,0.002377334978888647,0,0,0,0.002377334978888647
M25,N122,1,1,0,0,1,small_or_isolated_candidate,40,4,26.71588027676156,26.71588027676156,13.35794013838078,106.86352110704624,80.14764083028467,26.71588027676156,2.858773789001625,26.71588027676156,80.14764083028467,22414.041141629634,1456.967170614892,1166.2757332891156,20622.81654315214,0.06500243135134005,0.8004818206006012,0.92008470997447,1,0.03566884513862579,0.8004818206006012,0.06500243135134005,0.001855966456774432,0,0,0,0.001855966456774432
M26,N123,1,1,0,0,1,small_or_isolated_candidate,40,4,26.71588027676156,26.71588027676156,13.35794013838078,106.86352110704624,80.14764083028467,26.71588027676156,2.858773789001625,26.71588027676156,80.14764083028467,22414.04114162911,1610.2377111715978,1325.0849343596917,20462.498415420992,0.07184057979535598,0.8229126203953882,0.9129321341976321,1,0.03566884513862579,0.8229126203953882,0.07184057979535598,0.0021086893265052104,0,0,0,0.0021086893265052104
M27,N124,1,1,0,0,1,small_or_isolated_candidate,40,4,26.71588027676156,26.71588027676156,13.35794013838078,106.86352110704624,80.14764083028467,26.71588027676156,16.348832231730377,26.71588027676156,80.14764083028467,22414.041141633144,876.8861331681685,603.9831543483025,21129.639610420054,0.039122179156680016,0.6887817374487676,0.9426965658224224,1,0.20398394840279305,0.6887817374487676,0.039122179156680016,0.005496682539941276,0,0,0,0.005496682539941276
M28,N125,1,1,0,0,1,small_or_isolated_candidate,40,4,26.71588027676156,26.71588027676156,13.35794013838078,106.86352110704624,80.14764083028467,26.71588027676156,27.86244034642919,26.71588027676156,80.14764083028467,22414.041141634443,750.3815502028732,500.28471985653016,21323.25418543562,0.03347819099024617,0.6667071168277967,0.9513346589619367,1,0.34763893307139065,0.6667071168277967,0.03347819099024617,0.007759352503363947,0,0,0,0.007759352503363947
M29,N126,1,1,0,0,1,small_or_isolated_candidate,40,4,26.71588027676156,26.71588027676156,13.35794013838078,106.86352110704624,80.14764083028467,26.71588027676156,61.80825877002869,26.71588027676156,80.14764083028467,22414.04114163124,4804.554689030075,4309.434821789491,15975.348364910404,0.21435468323943704,0.8969478132133539,0.7127384242745151,1,0.7711800139059584,0.8969478132133539,0.21435468323943704,0.14827089790701506,0,0,0,0.14827089790701506
M3,C12;C13,2,42,2,0,0,macro_settlement_complex_candidate,40,4,26.71588027676156,26.71588027676156,13.35794013838078,106.86352110704624,80.14764083028467,26.71588027676156,119.93020648873554,26.71588027676156,80.14764083028467,45413.207617070395,6773.333232454505,6072.178450759956,36716.020343966295,0.14914897202523245,0.8964830523419461,0.8084877125077835,0,1,0.8964830523419461,0.14914897202523245,0,1,0.9,1,0
M30,N127,1,1,0,0,1,small_or_isolated_candidate,40,4,26.71588027676156,26.71588027676156,13.35794013838078,106.86352110704624,80.14764083028467,26.71588027676156,2.855970703616292,26.71588027676156,80.14764083028467,22414.041141634585,299.5573676614033,164.73705982868904,22009.815455740354,0.013364719274337761,0.5499349293751813,0.9819655151277753,1,0.03563387111623043,0.5499349293751813,0.013364719274337761,2.618991872508962e-4,0,0,0,2.618991872508962e-4
M31,N128,1,1,0,0,1,small_or_isolated_candidate,40,4,26.71588027676156,26.71588027676156,13.35794013838078,106.86352110704624,80.14764083028467,26.71588027676156,2.855970703616292,26.71588027676156,80.14764083028467,22414.04114163184,275.8910499999693,138.11059318455395,22064.111164924572,0.012308849094040846,0.500598309312931,0.9843879122690952,1,0.03563387111623043,0.500598309312931,0.012308849094040846,2.1956839671287537e-4,0,0,0,2.1956839671287537e-4
M32,N129,1,1,0,0,1,small_or_isolated_candidate,40,4,26.71588027676156,26.71588027676156,13.35794013838078,106.86352110704624,80.14764083028467,26.71588027676156,27.86244034642919,26.71588027676156,80.14764083028467,22414.041141632755,1107.689986397103,902.0743049477936,20700.739736599287,0.04941946788612047,0.8143743430252544,0.9235612447480025,1,0.34763893307139065,0.8143743430252544,0.04941946788612047,0.013991057968599915,0,0,0,0.013991057968599915
M33,N131,1,1,0,0,1,small_or_isolated_candidate,40,4,26.71588027676156,26.71588027676156,13.35794013838078,106.86352110704624,80.14764083028467,26.71588027676156,73.42253191625882,26.71588027676156,80.14764083028467,22414.041141634967,5074.740354913462,4335.942651574826,16174.639064850737,0.22640898724357794,0.8544166495881277,0.7216297571081774,1,0.9160909935169957,0.8544166495881277,0.22640898724357794,0.1772156116968811,0,0,0,0.1772156116968811
M34,N132,1,1,0,0,1,small_or_isolated_candidate,40,4,26.71588027676156,26.71588027676156,13.35794013838078,106.86352110704624,80.14764083028467,26.71588027676156,123.90459718258582,26.71588027676156,80.14764083028467,22414.04114163062,2483.1828084485637,2123.890487705755,19470.382301829635,0.11078693006574504,0.855309758298751,0.868668982036729,1,1,0.855309758298751,0.11078693006574504,0.09475714237719302,0,0,0,0.09475714237719302
M35,N133,1,1,0,0,1,small_or_isolated_candidate,40,4,26.71588027676156,26.71588027676156,13.35794013838078,106.86352110704624,80.14764083028467,26.71588027676156,49.51762963498158,26.71588027676156,80.14764083028467,22414.041141631533,3855.3204262781733,3422.3253882809036,16699.059671290768,0.17200470017507705,0.8876889622336082,0.7450267252465315,1,0.6178301584676313,0.8876889622336082,0.17200470017507705,0.09433443186833906,0,0,0,0.09433443186833906
M36,N134,1,1,0,0,1,small_or_isolated_candidate,40,4,26.71588027676156,26.71588027676156,13.35794013838078,106.86352110704624,80.14764083028467,26.71588027676156,16.348832231730377,26.71588027676156,80.14764083028467,22414.041141633985,1217.6394387518062,971.889755645286,20588.19691196345,0.05432485070664237,0.7981753257282496,0.9185401589060601,1,0.20398394840279305,0.7981753257282496,0.05432485070664237,0.008844898093833814,0,0,0,0.008844898093833814
M37,N135,1,1,0,0,1,small_or_isolated_candidate,40,4,26.71588027676156,26.71588027676156,13.35794013838078,106.86352110704624,80.14764083028467,26.71588027676156,236.8013965278802,26.71588027676156,80.14764083028467,22414.041141633563,3599.5871290353516,2912.4527357466222,17636.615441755224,0.1605951870209251,0.8091074424213552,0.7868556736516209,1,1,0.8091074424213552,0.1605951870209251,0.12993876103567992,0,0,0,0.12993876103567992
M38,N136,1,1,0,0,1,small_or_isolated_candidate,40,4,26.71588027676156,26.71588027676156,13.35794013838078,106.86352110704624,80.14764083028467,26.71588027676156,57.2736419217583,26.71588027676156,80.14764083028467,22414.04114163499,4398.537688255968,3727.916412304428,16348.324192811499,0.19624027904925656,0.847535403017669,0.7293787001418421,1,0.7146017191327835,0.847535403017669,0.19624027904925656,0.11885297524807431,0,0,0,0.11885297524807431
M39,N137,1,1,0,0,1,small_or_isolated_candidate,40,4,26.71588027676156,26.71588027676156,13.35794013838078,106.86352110704624,80.14764083028467,26.71588027676156,275.4153763793836,26.71588027676156,80.14764083028467,22414.041141628848,2336.3308273963617,1946.2690316016958,19015.864758449155,0.10423514495372156,0.8330451358939795,0.8483907314300243,1,1,0.8330451358939795,0.10423514495372156,0.08683258049290163,0,0,0,0.08683258049290163
M4,C16,1,4,0,1,0,intermediate_candidate,40,4,26.71588027676156,26.71588027676156,13.35794013838078,106.86352110704624,80.14764083028467,26.71588027676156,89.15503140493578,26.71588027676156,80.14764083028467,29358.65123600236,17782.2259785794,17329.359215086904,10836.625730946362,0.6056894724364297,0.974532616780485,0.3691118384095746,0.8,1,0.974532616780485,0.6056894724364297,0.47221131722389226,0.2,0,0.10555773655522156,0.47221131722389226
M40,N138,1,1,0,0,1,small_or_isolated_candidate,40,4,26.71588027676156,26.71588027676156,13.35794013838078,106.86352110704624,80.14764083028467,26.71588027676156,83.12103478208843,26.71588027676156,80.14764083028467,22414.041141631773,440.847950070375,168.6582042448868,21926.74407159189,0.019668383192691895,0.38257681411008704,0.9782592943878032,1,1,0.38257681411008704,0.019668383192691895,0.007524667380556447,0,0,0,0.007524667380556447
M41,N140,1,1,0,0,1,small_or_isolated_candidate,40,4,26.71588027676156,26.71588027676156,13.35794013838078,106.86352110704624,80.14764083028467,26.71588027676156,4.619404348238795,26.71588027676156,80.14764083028467,22414.041141631948,7558.592102852499,6823.815218496142,13442.28470169027,0.33722576197172827,0.9027891868805749,0.5997260653154823,1,0.057636186173221735,0.9027891868805749,0.33722576197172827,0.017546977890318605,0,0,0,0.017546977890318605
M42,N141,1,1,0,0,1,small_or_isolated_candidate,40,4,26.71588027676156,26.71588027676156,13.35794013838078,106.86352110704624,80.14764083028467,26.71588027676156,4.619404348238795,26.71588027676156,80.14764083028467,22414.041141628742,7326.587181811176,6588.25348228605,13701.509505025595,0.32687488773293033,0.8992254263542926,0.6112913516330755,1,0.057636186173221735,0.8992254263542926,0.32687488773293033,0.016941246866731784,0,0,0,0.016941246866731784
M43,N142,1,1,0,0,1,small_or_isolated_candidate,40,4,26.71588027676156,26.71588027676156,13.35794013838078,106.86352110704624,80.14764083028467,26.71588027676156,88.54264261653127,26.71588027676156,80.14764083028467,22414.041141631824,9187.635818938244,8520.492889703559,9226.334056457827,0.409905369624451,0.9273868770615047,0.41163188726912975,1,1,0.9273868770615047,0.409905369624451,0.3801408606267614,0,0,0,0.3801408606267614
M44,N143,1,1,0,0,1,small_or_isolated_candidate,40,4,26.71588027676156,26.71588027676156,13.35794013838078,106.86352110704624,80.14764083028467,26.71588027676156,16.909388367298956,26.71588027676156,80.14764083028467,22414.041141630296,6888.143512051971,5428.006570854596,12973.183390067828,0.30731377124397297,0.7880217015451815,0.5787971614798337,1,0.2109779925164005,0.7880217015451815,0.30731377124397297,0.05109252376438879,0,0,0,0.05109252376438879
M45,N144,1,1,0,0,1,small_or_isolated_candidate,40,4,26.71588027676156,26.71588027676156,13.35794013838078,106.86352110704624,80.14764083028467,26.71588027676156,16.909388367298956,26.71588027676156,80.14764083028467,22414.041141632384,6738.383210800526,5506.363230490055,13115.464600352698,0.30063223174354264,0.8171638593756816,0.5851450221527307,1,0.2109779925164005,0.8171638593756816,0.30063223174354264,0.051830076205093785,0,0,0,0.051830076205093785
M46,N145,1,1,0,0,1,small_or_isolated_candidate,40,4,26.71588027676156,26.71588027676156,13.35794013838078,106.86352110704624,80.14764083028467,26.71588027676156,50.14735978906117,26.71588027676156,80.14764083028467,22414.041141632188,19576.630999522116,18666.780562624324,1578.1426570340518,0.8734092560917174,0.9535236457733712,0.07040866245680191,1,0.6256872849850926,0.9535236457733712,0.8734092560917174,0.5210826185175106,0,0,0,0.5210826185175106
M47,N146,1,1,0,0,1,small_or_isolated_candidate,40,4,26.71588027676156,26.71588027676156,13.35794013838078,106.86352110704624,80.14764083028467,26.71588027676156,62.73016153037403,26.71588027676156,80.14764083028467,22414.041141631176,4653.27882083009,3956.8524432761646,15114.890993041427,0.20760552688498585,0.8503364177456079,0.6743492125107006,1,0.7826825703230275,0.8503364177456079,0.20760552688498585,0.13817050754583202,0,0,0,0.13817050754583202
M48,N147,1,1,0,0,1,small_or_isolated_candidate,40,4,26.71588027676156,26.71588027676156,13.35794013838078,106.86352110704624,80.14764083028467,26.71588027676156,72.6918278084064,26.71588027676156,80.14764083028467,22414.0411416311,2979.124751943759,2388.963472399344,16598.908138028608,0.13291332576393067,0.8019011190587576,0.7405584755173106,1,0.9069740176424381,0.8019011190587576,0.13291332576393067,0.09666832432722959,0,0,0,0.09666832432722959
M49,N148,1,1,0,0,1,small_or_isolated_candidate,40,4,26.71588027676156,26.71588027676156,13.35794013838078,106.86352110704624,80.14764083028467,26.71588027676156,44.34767150155206,26.71588027676156,80.14764083028467,22414.0411416337,4614.890692189133,3917.7282289820614,15471.431744035599,0.20589284471406863,0.8489319661705003,0.6902562392150551,1,0.5533247272425615,0.8489319661705003,0.20589284471406863,0.0967150854240816,0,0,0,0.0967150854240816
M5,C3,1,4,0,1,0,intermediate_candidate,40,4,26.71588027676156,26.71588027676156,13.35794013838078,106.86352110704624,80.14764083028467,26.71588027676156,129.6480496178245,26.71588027676156,80.14764083028467,24409.64264622158,0,0,24409.64264622228,0,0,1,0.8,1,0,0,0,0.2,0,0.2,0
M50,N149,1,1,0,0,1,small_or_isolated_candidate,40,4,26.71588027676156,26.71588027676156,13.35794013838078,106.86352110704624,80.14764083028467,26.71588027676156,57.2191490167636,26.71588027676156,80.14764083028467,22414.04114163098,5257.877148673477,4543.053733523247,14291.088063522326,0.2345796153156736,0.864047143944667,0.6375953346930646,1,0.7139218125949218,0.864047143944667,0.2345796153156736,0.14470327486500878,0,0,0,0.14470327486500878
M51,N150,1,1,0,0,1,small_or_isolated_candidate,40,4,26.71588027676156,26.71588027676156,13.35794013838078,106.86352110704624,80.14764083028467,26.71588027676156,51.23994890125999,26.71588027676156,80.14764083028467,22414.041141631507,5439.217387101329,4753.18334665822,14863.384418225804,0.24267009026759603,0.873872656373326,0.6631282741164767,1,0.6393194905107976,0.873872656373326,0.24267009026759603,0.13557585338083966,0,0,0,0.13557585338083966
M52,N151,1,1,0,0,1,small_or_isolated_candidate,40,4,26.71588027676156,26.71588027676156,13.35794013838078,106.86352110704624,80.14764083028467,26.71588027676156,84.22588931941976,26.71588027676156,80.14764083028467,22414.041141629983,1237.7984589321247,625.0531993186371,17024.079094394532,0.05522424319250224,0.5049717058606487,0.7595274313463902,1,1,0.5049717058606487,0.05522424319250224,0.027886680289781172,0,0,0,0.027886680289781172
M53,N152,1,1,0,0,1,small_or_isolated_candidate,40,4,26.71588027676156,26.71588027676156,13.35794013838078,106.86352110704624,80.14764083028467,26.71588027676156,3.7320589360792584,26.71588027676156,80.14764083028467,22414.041141630307,10594.134079261328,10076.238172188197,9699.05639575993,0.4726561360496706,0.9511148430633001,0.43272234285969813,1,0.04656480087769544,0.9511148430633001,0.4726561360496706,0.020933218651621056,0,0,0,0.020933218651621056
M54,N153,1,1,0,0,1,small_or_isolated_candidate,40,4,26.71588027676156,26.71588027676156,13.35794013838078,106.86352110704624,80.14764083028467,26.71588027676156,3.7320589360792584,26.71588027676156,80.14764083028467,22414.04114163034,10669.007496383034,10114.665681696104,9713.277571396655,0.475996605385324,0.9480418572322814,0.433356819059097,1,0.04656480087769544,0.9480418572322814,0.475996605385324,0.02101305116897721,0,0,0,0.02101305116897721
M55,N157,1,1,0,0,1,small_or_isolated_candidate,40,4,26.71588027676156,26.71588027676156,13.35794013838078,106.86352110704624,80.14764083028467,26.71588027676156,25.069327669005503,26.71588027676156,80.14764083028467,22414.041141627647,10466.20265036849,9899.627317609304,9590.989922853054,0.46694848930791527,0.9458661988797591,0.42790096896184165,1,0.3127893398895003,0.9458661988797591,0.46694848930791527,0.13814991568281826,0,0,0,0.13814991568281826
M56,N17,1,1,0,0,1,small_or_isolated_candidate,40,4,26.71588027676156,26.71588027676156,13.35794013838078,106.86352110704624,80.14764083028467,26.71588027676156,9.069888950399541,26.71588027676156,80.14764083028467,22414.041141630118,494.05816651311846,112.13165275872916,21738.341562533533,0.022042351193667296,0.2269604276559444,0.9698537370023118,1,0.11316476513145704,0.2269604276559444,0.022042351193667296,5.661340615938932e-4,0,0,0,5.661340615938932e-4
M57,N18,1,1,0,0,1,small_or_isolated_candidate,40,4,26.71588027676156,26.71588027676156,13.35794013838078,106.86352110704624,80.14764083028467,26.71588027676156,9.069888950399541,26.71588027676156,80.14764083028467,22414.041141632526,438.5802255056014,112.13165275872916,21905.0041194224,0.019567208908659005,0.25566965001548403,0.9772893687937145,1,0.11316476513145704,0.25566965001548403,0.019567208908659005,5.661340615938325e-4,0,0,0,5.661340615938325e-4
M58,N182,1,1,0,0,1,small_or_isolated_candidate,40,4,26.71588027676156,26.71588027676156,13.35794013838078,106.86352110704624,80.14764083028467,26.71588027676156,41.980700293513365,26.71588027676156,80.14764083028467,22414.04114163205,1853.1625654244986,1030.8261470366594,20417.50886182452,0.08267864566298208,0.5562524121031611,0.9109249301724912,1,0.5237920899307431,0.5562524121031611,0.08267864566298208,0.024089300920783107,0,0,0,0.024089300920783107
M59,N19,1,1,0,0,1,small_or_isolated_candidate,40,4,26.71588027676156,26.71588027676156,13.35794013838078,106.86352110704624,80.14764083028467,26.71588027676156,60.02735763725258,26.71588027676156,80.14764083028467,22414.041141631362,5153.971075641502,3798.2600472192316,14869.252730788983,0.22994385720425156,0.7369579672595411,0.6633900882412119,1,0.748959757460142,0.7369579672595411,0.22994385720425156,0.12691793977535343,0,0,0,0.12691793977535343
M6,C4,1,5,0,1,0,intermediate_candidate,40,4,26.71588027676156,26.71588027676156,13.35794013838078,106.86352110704624,80.14764083028467,26.71588027676156,53.10209819794498,26.71588027676156,80.14764083028467,23275.77810958168,1280.3136859710125,735.9765028387483,21518.834942499543,0.055006267886870776,0.5748407682454559,0.9245162435038476,0.6,0.6625534781540291,0.5748407682454559,0.055006267886870776,0.012569903085509737,0.4,0,0.3949720387657961,0.012569903085509737
M60,N20,1,1,0,0,1,small_or_isolated_candidate,40,4,26.71588027676156,26.71588027676156,13.35794013838078,106.86352110704624,80.14764083028467,26.71588027676156,20.17468667529057,26.71588027676156,80.14764083028467,22414.041141632337,7507.6470277925,6886.228232839162,14063.77779754423,0.3349528530063965,0.9172285547451935,0.6274539119776066,1,0.2517190333525992,0.9172285547451935,0.3349528530063965,0.07733521604883671,0,0,0,0.07733521604883671
M61,N206,1,1,0,0,1,small_or_isolated_candidate,40,4,26.71588027676156,26.71588027676156,13.35794013838078,106.86352110704624,80.14764083028467,26.71588027676156,55.2102734353246,26.71588027676156,80.14764083028467,22414.041141632122,347.34772918956725,60.9772384183774,21791.247334454703,0.01549688103964435,0.17555099197179055,0.9722141222440859,1,0.688857124968085,0.17555099197179055,0.01549688103964435,0.0018740308755549233,0,0,0,0.0018740308755549233
M62,N207,1,1,0,0,1,small_or_isolated_candidate,40,4,26.71588027676156,26.71588027676156,13.35794013838078,106.86352110704624,80.14764083028467,26.71588027676156,288.87548870201584,26.71588027676156,80.14764083028467,22414.041141630267,405.61659723375925,90.94618614571792,22117.847799483745,0.018096540229882753,0.22421712219360956,0.9867853663569666,1,1,0.22421712219360956,0.018096540229882753,0.004057554172005193,0,0,0,0.004057554172005193
M63,N21,1,1,0,0,1,small_or_isolated_candidate,40,4,26.71588027676156,26.71588027676156,13.35794013838078,106.86352110704624,80.14764083028467,26.71588027676156,20.17468667529057,26.71588027676156,80.14764083028467,22414.04114162865,4548.188455945449,3891.9510238897806,17085.216763975273,0.20291693172179875,0.8557145469208016,0.7622550818042187,1,0.2517190333525992,0.8557145469208016,0.20291693172179875,0.04370823375396057,0,0,0,0.04370823375396057
M64,N211,1,1,0,0,1,small_or_isolated_candidate,40,4,26.71588027676156,26.71588027676156,13.35794013838078,106.86352110704624,80.14764083028467,26.71588027676156,79.09477788541258,26.71588027676156,80.14764083028467,22414.041141629634,731.9445139708774,490.14874382058605,21379.059511368778,0.0326556246303767,0.6696528691245687,0.9538244074898844,1,0.9868634568158835,0.6696528691245687,0.0326556246303767,0.021580663684173905,0,0,0,0.021580663684173905
M65,N212,1,1,0,0,1,small_or_isolated_candidate,40,4,26.71588027676156,26.71588027676156,13.35794013838078,106.86352110704624,80.14764083028467,26.71588027676156,44.34767150155206,26.71588027676156,80.14764083028467,22414.04114163479,3165.2130156811645,2701.782822170318,18080.431263152983,0.14121563334697737,0.8535864122841303,0.8066564680997221,1,0.5533247272425615,0.8535864122841303,0.14121563334697737,0.06669762198165541,0,0,0,0.06669762198165541
M66,N22,1,1,0,0,1,small_or_isolated_candidate,40,4,26.71588027676156,26.71588027676156,13.35794013838078,106.86352110704624,80.14764083028467,26.71588027676156,47.48676996239782,26.71588027676156,80.14764083028467,22414.041141633028,2194.9224373938237,1075.365317805518,19853.072674963354,0.09792622506241672,0.48993317462386976,0.8857426712797097,1,0.5924911759156163,0.48993317462386976,0.09792622506241672,0.028426130641029113,0,0,0,0.028426130641029113
M67,N24,1,1,0,0,1,small_or_isolated_candidate,40,4,26.71588027676156,26.71588027676156,13.35794013838078,106.86352110704624,80.14764083028467,26.71588027676156,60.02735763725258,26.71588027676156,80.14764083028467,22414.04114162951,3727.8937062988757,2517.6454498872963,17246.05257634167,0.16631957096639186,0.6753533357545387,0.7694307540245674,1,0.748959757460142,0.6753533357545387,0.16631957096639186,0.08412651309076408,0,0,0,0.08412651309076408
M68,N259,1,1,0,0,1,small_or_isolated_candidate,40,4,26.71588027676156,26.71588027676156,13.35794013838078,106.86352110704624,80.14764083028467,26.71588027676156,51.23994890125999,26.71588027676156,80.14764083028467,22414.04114163062,6985.2384392155,6067.305410107537,14390.88200933129,0.3116456508256112,0.8685895925964906,0.6420476306971012,1,0.6393194905107976,0.8685895925964906,0.3116456508256112,0.17305877949687581,0,0,0,0.17305877949687581
M69,N292,1,1,0,0,1,small_or_isolated_candidate,40,4,26.71588027676156,26.71588027676156,13.35794013838078,106.86352110704624,80.14764083028467,26.71588027676156,57.36534045128266,26.71588027676156,80.14764083028467,22414.04114163131,6030.808463678773,5152.281099902987,14163.425222973552,0.2690638616022388,0.8543267674530179,0.6318996709909103,1,0.7157458392662575,0.8543267674530179,0.2690638616022388,0.16452739319444937,0,0,0,0.16452739319444937
M7,C5,1,5,0,1,0,intermediate_candidate,40,4,26.71588027676156,26.71588027676156,13.35794013838078,106.86352110704624,80.14764083028467,26.71588027676156,60.58130304142353,26.71588027676156,80.14764083028467,22875.26951989434,1170.1349829743945,795.3060879470338,21496.79404148508,0.05115283918105282,0.6796703795022229,0.9397394869070103,0.6,0.7558713196525207,0.6796703795022229,0.05115283918105282,0.015767658475929112,0.4,0,0.3936929366096284,0.015767658475929112
M70,N294,1,1,0,0,1,small_or_isolated_candidate,40,4,26.71588027676156,26.71588027676156,13.35794013838078,106.86352110704624,80.14764083028467,26.71588027676156,51.52981268449085,26.71588027676156,80.14764083028467,22414.041141630543,12917.466729368236,12031.297194781202,7110.09222057033,0.5763113687418053,0.9313975756119192,0.3172159886583083,1,0.6429361132863157,0.9313975756119192,0.5763113687418053,0.3451120396954201,0,0,0,0.3451120396954201
M71,N296,1,1,0,0,1,small_or_isolated_candidate,40,4,26.71588027676156,26.71588027676156,13.35794013838078,106.86352110704624,80.14764083028467,26.71588027676156,104.73404751328894,26.71588027676156,80.14764083028467,22414.041141631787,11153.731222383112,10725.301914378904,10483.14247216881,0.49762250153392457,0.9615887007260455,0.4677042576091933,1,1,0.9615887007260455,0.49762250153392457,0.4785081747020511,0,0,0,0.4785081747020511
M72,N30,1,1,0,0,1,small_or_isolated_candidate,40,4,26.71588027676156,26.71588027676156,13.35794013838078,106.86352110704624,80.14764083028467,26.71588027676156,83.4867339243635,26.71588027676156,80.14764083028467,22414.04114162951,4703.596345320151,4059.6130550829307,15928.328577240463,0.20985043775011997,0.8630870417105515,0.7106406415778742,1,1,0.8630870417105515,0.20985043775011997,0.18111919351941527,0,0,0,0.18111919351941527
M73,N300,1,1,0,0,1,small_or_isolated_candidate,40,4,26.71588027676156,26.71588027676156,13.35794013838078,106.86352110704624,80.14764083028467,26.71588027676156,21.67928883112478,26.71588027676156,80.14764083028467,22414.041141633374,14512.690418915372,14318.743869660531,7599.193047984155,0.6474820996004379,0.9866360720406426,0.3390371687088989,1,0.27049191475306683,0.9866360720406426,0.6474820996004379,0.17279813228186888,0,0,0,0.17279813228186888
M74,N304,1,1,0,0,1,small_or_isolated_candidate,40,4,26.71588027676156,26.71588027676156,13.35794013838078,106.86352110704624,80.14764083028467,26.71588027676156,21.67928883112478,26.71588027676156,80.14764083028467,22414.041141630943,12824.27640251612,12392.421320751355,9289.045258296197,0.572153692477026,0.966325189179482,0.41442974069691946,1,0.27049191475306683,0.966325189179482,0.572153692477026,0.149551334821582,0,0,0,0.149551334821582
M75,N305,1,1,0,0,1,small_or_isolated_candidate,40,4,26.71588027676156,26.71588027676156,13.35794013838078,106.86352110704624,80.14764083028467,26.71588027676156,34.35409412806773,26.71588027676156,80.14764083028467,22414.04114163501,15008.86478642871,14069.336014793042,7019.985980668044,0.669618864870785,0.9374017432360902,0.31319590859624724,1,0.4286351260271488,0.9374017432360902,0.669618864870785,0.2690550792564134,0,0,0,0.2690550792564134
M76,N307,1,1,0,0,1,small_or_isolated_candidate,40,4,26.71588027676156,26.71588027676156,13.35794013838078,106.86352110704624,80.14764083028467,26.71588027676156,31.651755683937065,26.71588027676156,80.14764083028467,22414.04114162641,21360.559349665968,21255.80991901638,312.5452791677235,0.9529990247941519,0.9950961288543586,0.013944173529122226,1,0.3949181205590408,0.9950961288543586,0.9529990247941519,0.3745109795747014,0,0,0,0.3745109795747014
M77,N308,1,1,0,0,1,small_or_isolated_candidate,40,4,26.71588027676156,26.71588027676156,13.35794013838078,106.86352110704624,80.14764083028467,26.71588027676156,31.651755683937065,26.71588027676156,80.14764083028467,22414.04114163157,21037.105356855674,20821.66041045979,552.4201469545878,0.9385681601958697,0.9897588122157845,0.02464616458334813,1,0.3949181205590408,0.9897588122157845,0.9385681601958697,0.3668616000237611,0,0,0,0.3668616000237611
M78,N31,1,1,0,0,1,small_or_isolated_candidate,40,4,26.71588027676156,26.71588027676156,13.35794013838078,106.86352110704624,80.14764083028467,26.71588027676156,77.52401119830229,26.71588027676156,80.14764083028467,22414.04114162876,81.49531967302862,0,22314.04114163222,0.0036359047954842203,0,0.9955385109108765,1,0.9672650423043891,0,0.0036359047954842203,0,0,0,0,0
M79,N32,1,1,0,0,1,small_or_isolated_candidate,40,4,26.71588027676156,26.71588027676156,13.35794013838078,106.86352110704624,80.14764083028467,26.71588027676156,230.40536878181922,26.71588027676156,80.14764083028467,22414.041141629743,218.8253534587751,181.12629715346395,21951.601180159298,0.009762869269136361,0.8277208024141802,0.9793682915745366,1,1,0.8277208024141802,0.009762869269136361,0.00808092998531429,0,0,0,0.00808092998531429
M8,C6;C7,2,23,1,1,0,macro_settlement_complex_candidate,40,4,26.71588027676156,26.71588027676156,13.35794013838078,106.86352110704624,80.14764083028467,26.71588027676156,111.35628478400568,26.71588027676156,80.14764083028467,45597.14443661988,5149.783149631963,4554.183434587504,39425.61345133948,0.11294091358703771,0.8843447000118783,0.8646509323876884,0,1,0.8843447000118783,0.11294091358703771,0,1,0.9,1,0
M80,N33,1,1,0,0,1,small_or_isolated_candidate,40,4,26.71588027676156,26.71588027676156,13.35794013838078,106.86352110704624,80.14764083028467,26.71588027676156,40.77420026819373,26.71588027676156,80.14764083028467,22414.041141636848,1189.8883634275574,953.8042710412394,20545.631385044242,0.05308673950888726,0.801591393241076,0.9166411025666494,1,0.5087386209474896,0.801591393241076,0.05308673950888726,0.021648798913015195,0,0,0,0.021648798913015195
M81,N34,1,1,0,0,1,small_or_isolated_candidate,40,4,26.71588027676156,26.71588027676156,13.35794013838078,106.86352110704624,80.14764083028467,26.71588027676156,40.77420026819373,26.71588027676156,80.14764083028467,22414.041141630667,237.44646130665245,103.35436137802603,22087.79706606436,0.010593647964071584,0.4352743806299479,0.9854446561641952,1,0.5087386209474896,0.4352743806299479,0.010593647964071584,0.0023458668137583383,0,0,0,0.0023458668137583383
M82,N35,1,1,0,0,1,small_or_isolated_candidate,40,4,26.71588027676156,26.71588027676156,13.35794013838078,106.86352110704624,80.14764083028467,26.71588027676156,28.844998879111092,26.71588027676156,80.14764083028467,22414.041141626964,376.0425196029662,155.55751773082017,21961.71750645906,0.016777095983132942,0.413670022993839,0.9798196303687577,1,0.35989828995954287,0.413670022993839,0.016777095983132942,0.0024977595190409157,0,0,0,0.0024977595190409157
M83,N36,1,1,0,0,1,small_or_isolated_candidate,40,4,26.71588027676156,26.71588027676156,13.35794013838078,106.86352110704624,80.14764083028467,26.71588027676156,28.844998879111092,26.71588027676156,80.14764083028467,22414.04114162566,244.0449267468745,113.51328301197574,22086.337232832335,0.010888037779749263,0.4651327299653834,0.9853795258640469,1,0.35989828995954287,0.4651327299653834,0.010888037779749263,0.0018226626865529465,0,0,0,0.0018226626865529465
M84,N48,1,1,0,0,1,small_or_isolated_candidate,40,4,26.71588027676156,26.71588027676156,13.35794013838078,106.86352110704624,80.14764083028467,26.71588027676156,148.34896331100256,26.71588027676156,80.14764083028467,22414.041141628615,2343.5291965673887,1870.1569074975823,19457.89384930084,0.10455629940889395,0.7980087938468342,0.8681118110898148,1,1,0.7980087938468342,0.10455629940889395,0.08343684638037993,0,0,0,0.08343684638037993
M85,N49,1,1,0,0,1,small_or_isolated_candidate,40,4,26.71588027676156,26.71588027676156,13.35794013838078,106.86352110704624,80.14764083028467,26.71588027676156,3.0093367262814255,26.71588027676156,80.14764083028467,22414.041141631104,5780.535300915607,5327.198304453145,15284.774457787582,0.25789795175217334,0.9215752568121752,0.6819285447548387,1,0.037547414934568035,0.9215752568121752,0.25789795175217334,0.008923983136825527,0,0,0,0.008923983136825527
M86,N50,1,1,0,0,1,small_or_isolated_candidate,40,4,26.71588027676156,26.71588027676156,13.35794013838078,106.86352110704624,80.14764083028467,26.71588027676156,3.0093367262814255,26.71588027676156,80.14764083028467,22414.041141632268,5974.73637077423,5527.716336640191,15040.138784183706,0.2665622112951618,0.9251816303861267,0.6710141508684868,1,0.037547414934568035,0.9251816303861267,0.2665622112951618,0.009259885694905306,0,0,0,0.009259885694905306
M87,N51,1,1,0,0,1,small_or_isolated_candidate,40,4,26.71588027676156,26.71588027676156,13.35794013838078,106.86352110704624,80.14764083028467,26.71588027676156,0.9939117078090749,26.71588027676156,80.14764083028467,22414.04114163248,4363.6235184148445,4005.0963798476037,17380.43479786512,0.19468258717120518,0.917837288882914,0.7754262021756624,1,0.012401010154668388,0.917837288882914,0.19468258717120518,0.0022158985326685412,0,0,0,0.0022158985326685412
M88,N52,1,1,0,0,1,small_or_isolated_candidate,40,4,26.71588027676156,26.71588027676156,13.35794013838078,106.86352110704624,80.14764083028467,26.71588027676156,0.9939117078090749,26.71588027676156,80.14764083028467,22414.041141629878,4407.667828351394,4039.221106706287,17328.847016386746,0.19664761925349453,0.9164077838908026,0.7731246189336943,1,0.012401010154668388,0.9164077838908026,0.19664761925349453,0.002234778710572722,0,0,0,0.002234778710572722
M89,N61,1,1,0,0,1,small_or_isolated_candidate,40,4,26.71588027676156,26.71588027676156,13.35794013838078,106.86352110704624,80.14764083028467,26.71588027676156,33.24036754517963,26.71588027676156,80.14764083028467,22414.041141631693,11179.312816786824,10643.357882022208,9844.643846901748,0.49876382157711135,0.9520583292060826,0.4392177111077204,1,0.41473918883735117,0.9520583292060826,0.49876382157711135,0.1969398372476697,0,0,0,0.1969398372476697
M9,C8,1,4,0,1,0,intermediate_candidate,40,4,26.71588027676156,26.71588027676156,13.35794013838078,106.86352110704624,80.14764083028467,26.71588027676156,73.879672514935,26.71588027676156,80.14764083028467,25715.27237409089,4923.458301956493,4277.457542103243,20563.717476287362,0.1914604764955577,0.8687912600790096,0.7996694406786095,0.8,0.9217947247053433,0.8687912600790096,0.1914604764955577,0.12266446927264943,0.2,0,0.17546710614547012,0.12266446927264943
M90,N62,1,1,0,0,1,small_or_isolated_candidate,40,4,26.71588027676156,26.71588027676156,13.35794013838078,106.86352110704624,80.14764083028467,26.71588027676156,15.433393735794072,26.71588027676156,80.14764083028467,22414.041141629514,6216.383213278044,6008.606027465286,15611.372321264529,0.27734325880808613,0.9665758723868646,0.6964996727997249,1,0.19256204644220037,0.9665758723868646,0.27734325880808613,0.051620743693769226,0,0,0,0.051620743693769226
M91,N63,1,1,0,0,1,small_or_isolated_candidate,40,4,26.71588027676156,26.71588027676156,13.35794013838078,106.86352110704624,80.14764083028467,26.71588027676156,0.9981464845695575,26.71588027676156,80.14764083028467,22414.041141634872,6304.800920583001,6061.7768554073145,15347.856983853086,0.281288005172419,0.9614541254772538,0.6847429647723765,1,0.012453847352577305,0.9614541254772538,0.281288005172419,0.0033680871363441413,0,0,0,0.0033680871363441413
M92,N65,1,1,0,0,1,small_or_isolated_candidate,40,4,26.71588027676156,26.71588027676156,13.35794013838078,106.86352110704624,80.14764083028467,26.71588027676156,33.24036754517963,26.71588027676156,80.14764083028467,22414.0411416306,9267.014118701187,8900.169627159443,11859.02913311419,0.41344682380765096,0.9604139492135403,0.5290892908681195,1,0.41473918883735117,0.9604139492135403,0.41344682380765096,0.16468467726808156,0,0,0,0.16468467726808156
M93,N66,1,1,0,0,1,small_or_isolated_candidate,40,4,26.71588027676156,26.71588027676156,13.35794013838078,106.86352110704624,80.14764083028467,26.71588027676156,0.9981464845695575,26.71588027676156,80.14764083028467,22414.04114162898,6332.723779616274,6083.856593843359,15320.667394556569,0.2825337804816768,0.9607013988871633,0.683529904212673,1,0.012453847352577305,0.9607013988871633,0.2825337804816768,0.0033803552360745586,0,0,0,0.0033803552360745586
M94,N67,1,1,0,0,1,small_or_isolated_candidate,40,4,26.71588027676156,26.71588027676156,13.35794013838078,106.86352110704624,80.14764083028467,26.71588027676156,225.3271114756333,26.71588027676156,80.14764083028467,22414.041141629583,517.0798018880278,207.70928431326973,20769.68506640388,0.023069458944092673,0.4016967662532071,0.9266372331149316,1,1,0.4016967662532071,0.023069458944092673,0.009266927057053153,0,0,0,0.009266927057053153
M95,N68,1,1,0,0,1,small_or_isolated_candidate,40,4,26.71588027676156,26.71588027676156,13.35794013838078,106.86352110704624,80.14764083028467,26.71588027676156,77.52401119830229,26.71588027676156,80.14764083028467,22414.04114163036,228.81731442967367,101.35005779083741,21995.697057385558,0.010208659517657594,0.44293002058630077,0.9813356243257804,1,0.9672650423043891,0.44293002058630077,0.010208659517657594,0.004373703399452042,0,0,0,0.004373703399452042
M96,N69,1,1,0,0,1,small_or_isolated_candidate,40,4,26.71588027676156,26.71588027676156,13.35794013838078,106.86352110704624,80.14764083028467,26.71588027676156,358.9974595409864,26.71588027676156,80.14764083028467,22414.041141632293,565.0079434448223,386.1503076037689,21722.37419854111,0.025207767750339546,0.6834422632174545,0.9691413547998506,1,1,0.6834422632174545,0.025207767750339546,0.017228053841952022,0,0,0,0.017228053841952022
M97,N71,1,1,0,0,1,small_or_isolated_candidate,40,4,26.71588027676156,26.71588027676156,13.35794013838078,106.86352110704624,80.14764083028467,26.71588027676156,163.5889829385915,26.71588027676156,80.14764083028467,22414.041141637397,389.20245232999866,0,22414.04114163237,0.017364224945897754,0,0.9999999999997757,1,1,0,0.017364224945897754,0,0,0,0,0
M98,N92,1,1,0,0,1,small_or_isolated_candidate,40,4,26.71588027676156,26.71588027676156,13.35794013838078,106.86352110704624,80.14764083028467,26.71588027676156,28.79281947303171,26.71588027676156,80.14764083028467,22414.041141630303,2892.2016367517626,2422.6939624075126,19171.07645001453,0.1290352604635844,0.8376642664266123,0.8553154841144415,1,0.3592472488866076,0.8376642664266123,0.1290352604635844,0.03883039811471445,0,0,0,0.03883039811471445
M99,N93,1,1,0,0,1,small_or_isolated_candidate,40,4,26.71588027676156,26.71588027676156,13.35794013838078,106.86352110704624,80.14764083028467,26.71588027676156,60.58130304142353,26.71588027676156,80.14764083028467,22414.041141629685,1196.6299520349903,781.7155275035926,21011.542550893366,0.053387514749068825,0.6532642160378873,0.9374276783970271,1,0.7558713196525207,0.6532642160378873,0.053387514749068825,0.026361883768901005,0,0,0,0.026361883768901005
