macro_cluster_id,micro_group_ids,n_micro_groups,n_dwellings,n_dense_micro_groups,n_intermediate_micro_groups,n_small_micro_groups,macro_group_type,selected_eps_m,selected_min_pts,selected_d_adj_m,selected_d_adj_safe_m,macro_hull_buffer_m,macro_link_max_boundary_distance_m,macro_nearest_dwelling_link_m,macro_corridor_width_m
M1,C1;C18;C3;C4;C5;C6,6,166,5,1,0,macro_settlement_complex_candidate,14,4,9.745013346067434,9.745013346067434,5,100,80,20
M10,N120,1,1,0,0,1,small_or_isolated_candidate,14,4,9.745013346067434,9.745013346067434,5,100,80,20
M100,N353,1,1,0,0,1,small_or_isolated_candidate,14,4,9.745013346067434,9.745013346067434,5,100,80,20
M101,N356,1,1,0,0,1,small_or_isolated_candidate,14,4,9.745013346067434,9.745013346067434,5,100,80,20
M102,N358,1,1,0,0,1,small_or_isolated_candidate,14,4,9.745013346067434,9.745013346067434,5,100,80,20
M103,N359,1,1,0,0,1,small_or_isolated_candidate,14,4,9.745013346067434,9.745013346067434,5,100,80,20
M104,N361,1,1,0,0,1,small_or_isolated_candidate,14,4,9.745013346067434,9.745013346067434,5,100,80,20
M105,N367,1,1,0,0,1,small_or_isolated_candidate,14,4,9.745013346067434,9.745013346067434,5,100,80,20
M106,N368,1,1,0,0,1,small_or_isolated_candidate,14,4,9.745013346067434,9.745013346067434,5,100,80,20
M107,N76,1,1,0,0,1,small_or_isolated_candidate,14,4,9.745013346067434,9.745013346067434,5,100,80,20
M108,N77,1,1,0,0,1,small_or_isolated_candidate,14,4,9.745013346067434,9.745013346067434,5,100,80,20
M109,N78,1,1,0,0,1,small_or_isolated_candidate,14,4,9.745013346067434,9.745013346067434,5,100,80,20
M11,N121,1,1,0,0,1,small_or_isolated_candidate,14,4,9.745013346067434,9.745013346067434,5,100,80,20
M110,N79,1,1,0,0,1,small_or_isolated_candidate,14,4,9.745013346067434,9.745013346067434,5,100,80,20
M111,N80,1,1,0,0,1,small_or_isolated_candidate,14,4,9.745013346067434,9.745013346067434,5,100,80,20
M112,N81,1,1,0,0,1,small_or_isolated_candidate,14,4,9.745013346067434,9.745013346067434,5,100,80,20
M113,N82,1,1,0,0,1,small_or_isolated_candidate,14,4,9.745013346067434,9.745013346067434,5,100,80,20
M114,N83,1,1,0,0,1,small_or_isolated_candidate,14,4,9.745013346067434,9.745013346067434,5,100,80,20
M115,N84,1,1,0,0,1,small_or_isolated_candidate,14,4,9.745013346067434,9.745013346067434,5,100,80,20
M116,N86,1,1,0,0,1,small_or_isolated_candidate,14,4,9.745013346067434,9.745013346067434,5,100,80,20
M117,N87,1,1,0,0,1,small_or_isolated_candidate,14,4,9.745013346067434,9.745013346067434,5,100,80,20
M118,N88,1,1,0,0,1,small_or_isolated_candidate,14,4,9.745013346067434,9.745013346067434,5,100,80,20
M119,N89,1,1,0,0,1,small_or_isolated_candidate,14,4,9.745013346067434,9.745013346067434,5,100,80,20
M12,N126,1,1,0,0,1,small_or_isolated_candidate,14,4,9.745013346067434,9.745013346067434,5,100,80,20
M13,N150,1,1,0,0,1,small_or_isolated_candidate,14,4,9.745013346067434,9.745013346067434,5,100,80,20
M14,N154,1,1,0,0,1,small_or_isolated_candidate,14,4,9.745013346067434,9.745013346067434,5,100,80,20
M15,N155,1,1,0,0,1,small_or_isolated_candidate,14,4,9.745013346067434,9.745013346067434,5,100,80,20
M16,N156,1,1,0,0,1,small_or_isolated_candidate,14,4,9.745013346067434,9.745013346067434,5,100,80,20
M17,N158,1,1,0,0,1,small_or_isolated_candidate,14,4,9.745013346067434,9.745013346067434,5,100,80,20
M18,N173,1,1,0,0,1,small_or_isolated_candidate,14,4,9.745013346067434,9.745013346067434,5,100,80,20
M19,N174,1,1,0,0,1,small_or_isolated_candidate,14,4,9.745013346067434,9.745013346067434,5,100,80,20
M2,C10;C11;C12;C13;C14,5,28,4,1,0,macro_settlement_complex_candidate,14,4,9.745013346067434,9.745013346067434,5,100,80,20
M20,N179,1,1,0,0,1,small_or_isolated_candidate,14,4,9.745013346067434,9.745013346067434,5,100,80,20
M21,N183,1,1,0,0,1,small_or_isolated_candidate,14,4,9.745013346067434,9.745013346067434,5,100,80,20
M22,N184,1,1,0,0,1,small_or_isolated_candidate,14,4,9.745013346067434,9.745013346067434,5,100,80,20
M23,N185,1,1,0,0,1,small_or_isolated_candidate,14,4,9.745013346067434,9.745013346067434,5,100,80,20
M24,N186,1,1,0,0,1,small_or_isolated_candidate,14,4,9.745013346067434,9.745013346067434,5,100,80,20
M25,N200,1,1,0,0,1,small_or_isolated_candidate,14,4,9.745013346067434,9.745013346067434,5,100,80,20
M26,N206,1,1,0,0,1,small_or_isolated_candidate,14,4,9.745013346067434,9.745013346067434,5,100,80,20
M27,N207,1,1,0,0,1,small_or_isolated_candidate,14,4,9.745013346067434,9.745013346067434,5,100,80,20
M28,N21,1,1,0,0,1,small_or_isolated_candidate,14,4,9.745013346067434,9.745013346067434,5,100,80,20
M29,N223,1,1,0,0,1,small_or_isolated_candidate,14,4,9.745013346067434,9.745013346067434,5,100,80,20
M3,C15;C16,2,16,2,0,0,macro_settlement_complex_candidate,14,4,9.745013346067434,9.745013346067434,5,100,80,20
M30,N224,1,1,0,0,1,small_or_isolated_candidate,14,4,9.745013346067434,9.745013346067434,5,100,80,20
M31,N226,1,1,0,0,1,small_or_isolated_candidate,14,4,9.745013346067434,9.745013346067434,5,100,80,20
M32,N230,1,1,0,0,1,small_or_isolated_candidate,14,4,9.745013346067434,9.745013346067434,5,100,80,20
M33,N232,1,1,0,0,1,small_or_isolated_candidate,14,4,9.745013346067434,9.745013346067434,5,100,80,20
M34,N239,1,1,0,0,1,small_or_isolated_candidate,14,4,9.745013346067434,9.745013346067434,5,100,80,20
M35,N240,1,1,0,0,1,small_or_isolated_candidate,14,4,9.745013346067434,9.745013346067434,5,100,80,20
M36,N241,1,1,0,0,1,small_or_isolated_candidate,14,4,9.745013346067434,9.745013346067434,5,100,80,20
M37,N242,1,1,0,0,1,small_or_isolated_candidate,14,4,9.745013346067434,9.745013346067434,5,100,80,20
M38,N243,1,1,0,0,1,small_or_isolated_candidate,14,4,9.745013346067434,9.745013346067434,5,100,80,20
M39,N244,1,1,0,0,1,small_or_isolated_candidate,14,4,9.745013346067434,9.745013346067434,5,100,80,20
M4,C17,1,5,1,0,0,single_dense_micro_cluster,14,4,9.745013346067434,9.745013346067434,5,100,80,20
M40,N245,1,1,0,0,1,small_or_isolated_candidate,14,4,9.745013346067434,9.745013346067434,5,100,80,20
M41,N246,1,1,0,0,1,small_or_isolated_candidate,14,4,9.745013346067434,9.745013346067434,5,100,80,20
M42,N247,1,1,0,0,1,small_or_isolated_candidate,14,4,9.745013346067434,9.745013346067434,5,100,80,20
M43,N248,1,1,0,0,1,small_or_isolated_candidate,14,4,9.745013346067434,9.745013346067434,5,100,80,20
M44,N249,1,1,0,0,1,small_or_isolated_candidate,14,4,9.745013346067434,9.745013346067434,5,100,80,20
M45,N251,1,1,0,0,1,small_or_isolated_candidate,14,4,9.745013346067434,9.745013346067434,5,100,80,20
M46,N252,1,1,0,0,1,small_or_isolated_candidate,14,4,9.745013346067434,9.745013346067434,5,100,80,20
M47,N253,1,1,0,0,1,small_or_isolated_candidate,14,4,9.745013346067434,9.745013346067434,5,100,80,20
M48,N254,1,1,0,0,1,small_or_isolated_candidate,14,4,9.745013346067434,9.745013346067434,5,100,80,20
M49,N255,1,1,0,0,1,small_or_isolated_candidate,14,4,9.745013346067434,9.745013346067434,5,100,80,20
M5,C2;C7,2,27,2,0,0,macro_settlement_complex_candidate,14,4,9.745013346067434,9.745013346067434,5,100,80,20
M50,N257,1,1,0,0,1,small_or_isolated_candidate,14,4,9.745013346067434,9.745013346067434,5,100,80,20
M51,N258,1,1,0,0,1,small_or_isolated_candidate,14,4,9.745013346067434,9.745013346067434,5,100,80,20
M52,N261,1,1,0,0,1,small_or_isolated_candidate,14,4,9.745013346067434,9.745013346067434,5,100,80,20
M53,N262,1,1,0,0,1,small_or_isolated_candidate,14,4,9.745013346067434,9.745013346067434,5,100,80,20
M54,N267,1,1,0,0,1,small_or_isolated_candidate,14,4,9.745013346067434,9.745013346067434,5,100,80,20
M55,N268,1,1,0,0,1,small_or_isolated_candidate,14,4,9.745013346067434,9.745013346067434,5,100,80,20
M56,N269,1,1,0,0,1,small_or_isolated_candidate,14,4,9.745013346067434,9.745013346067434,5,100,80,20
M57,N270,1,1,0,0,1,small_or_isolated_candidate,14,4,9.745013346067434,9.745013346067434,5,100,80,20
M58,N282,1,1,0,0,1,small_or_isolated_candidate,14,4,9.745013346067434,9.745013346067434,5,100,80,20
M59,N286,1,1,0,0,1,small_or_isolated_candidate,14,4,9.745013346067434,9.745013346067434,5,100,80,20
M6,C8;C9,2,19,2,0,0,macro_settlement_complex_candidate,14,4,9.745013346067434,9.745013346067434,5,100,80,20
M60,N288,1,1,0,0,1,small_or_isolated_candidate,14,4,9.745013346067434,9.745013346067434,5,100,80,20
M61,N29,1,1,0,0,1,small_or_isolated_candidate,14,4,9.745013346067434,9.745013346067434,5,100,80,20
M62,N293,1,1,0,0,1,small_or_isolated_candidate,14,4,9.745013346067434,9.745013346067434,5,100,80,20
M63,N294,1,1,0,0,1,small_or_isolated_candidate,14,4,9.745013346067434,9.745013346067434,5,100,80,20
M64,N295,1,1,0,0,1,small_or_isolated_candidate,14,4,9.745013346067434,9.745013346067434,5,100,80,20
M65,N296,1,1,0,0,1,small_or_isolated_candidate,14,4,9.745013346067434,9.745013346067434,5,100,80,20
M66,N297,1,1,0,0,1,small_or_isolated_candidate,14,4,9.745013346067434,9.745013346067434,5,100,80,20
M67,N302,1,1,0,0,1,small_or_isolated_candidate,14,4,9.745013346067434,9.745013346067434,5,100,80,20
M68,N303,1,1,0,0,1,small_or_isolated_candidate,14,4,9.745013346067434,9.745013346067434,5,100,80,20
M69,N304,1,1,0,0,1,small_or_isolated_candidate,14,4,9.745013346067434,9.745013346067434,5,100,80,20
M7,N100,1,1,0,0,1,small_or_isolated_candidate,14,4,9.745013346067434,9.745013346067434,5,100,80,20
M70,N305,1,1,0,0,1,small_or_isolated_candidate,14,4,9.745013346067434,9.745013346067434,5,100,80,20
M71,N313,1,1,0,0,1,small_or_isolated_candidate,14,4,9.745013346067434,9.745013346067434,5,100,80,20
M72,N314,1,1,0,0,1,small_or_isolated_candidate,14,4,9.745013346067434,9.745013346067434,5,100,80,20
M73,N315,1,1,0,0,1,small_or_isolated_candidate,14,4,9.745013346067434,9.745013346067434,5,100,80,20
M74,N316,1,1,0,0,1,small_or_isolated_candidate,14,4,9.745013346067434,9.745013346067434,5,100,80,20
M75,N317,1,1,0,0,1,small_or_isolated_candidate,14,4,9.745013346067434,9.745013346067434,5,100,80,20
M76,N318,1,1,0,0,1,small_or_isolated_candidate,14,4,9.745013346067434,9.745013346067434,5,100,80,20
M77,N319,1,1,0,0,1,small_or_isolated_candidate,14,4,9.745013346067434,9.745013346067434,5,100,80,20
M78,N320,1,1,0,0,1,small_or_isolated_candidate,14,4,9.745013346067434,9.745013346067434,5,100,80,20
M79,N321,1,1,0,0,1,small_or_isolated_candidate,14,4,9.745013346067434,9.745013346067434,5,100,80,20
M8,N103,1,1,0,0,1,small_or_isolated_candidate,14,4,9.745013346067434,9.745013346067434,5,100,80,20
M80,N322,1,1,0,0,1,small_or_isolated_candidate,14,4,9.745013346067434,9.745013346067434,5,100,80,20
M81,N323,1,1,0,0,1,small_or_isolated_candidate,14,4,9.745013346067434,9.745013346067434,5,100,80,20
M82,N324,1,1,0,0,1,small_or_isolated_candidate,14,4,9.745013346067434,9.745013346067434,5,100,80,20
M83,N325,1,1,0,0,1,small_or_isolated_candidate,14,4,9.745013346067434,9.745013346067434,5,100,80,20
M84,N331,1,1,0,0,1,small_or_isolated_candidate,14,4,9.745013346067434,9.745013346067434,5,100,80,20
M85,N332,1,1,0,0,1,small_or_isolated_candidate,14,4,9.745013346067434,9.745013346067434,5,100,80,20
M86,N333,1,1,0,0,1,small_or_isolated_candidate,14,4,9.745013346067434,9.745013346067434,5,100,80,20
M87,N334,1,1,0,0,1,small_or_isolated_candidate,14,4,9.745013346067434,9.745013346067434,5,100,80,20
M88,N335,1,1,0,0,1,small_or_isolated_candidate,14,4,9.745013346067434,9.745013346067434,5,100,80,20
M89,N336,1,1,0,0,1,small_or_isolated_candidate,14,4,9.745013346067434,9.745013346067434,5,100,80,20
M9,N119,1,1,0,0,1,small_or_isolated_candidate,14,4,9.745013346067434,9.745013346067434,5,100,80,20
M90,N337,1,1,0,0,1,small_or_isolated_candidate,14,4,9.745013346067434,9.745013346067434,5,100,80,20
M91,N338,1,1,0,0,1,small_or_isolated_candidate,14,4,9.745013346067434,9.745013346067434,5,100,80,20
M92,N339,1,1,0,0,1,small_or_isolated_candidate,14,4,9.745013346067434,9.745013346067434,5,100,80,20
M93,N340,1,1,0,0,1,small_or_isolated_candidate,14,4,9.745013346067434,9.745013346067434,5,100,80,20
M94,N346,1,1,0,0,1,small_or_isolated_candidate,14,4,9.745013346067434,9.745013346067434,5,100,80,20
M95,N347,1,1,0,0,1,small_or_isolated_candidate,14,4,9.745013346067434,9.745013346067434,5,100,80,20
M96,N348,1,1,0,0,1,small_or_isolated_candidate,14,4,9.745013346067434,9.745013346067434,5,100,80,20
M97,N349,1,1,0,0,1,small_or_isolated_candidate,14,4,9.745013346067434,9.745013346067434,5,100,80,20
M98,N350,1,1,0,0,1,small_or_isolated_candidate,14,4,9.745013346067434,9.745013346067434,5,100,80,20
M99,N351,1,1,0,0,1,small_or_isolated_candidate,14,4,9.745013346067434,9.745013346067434,5,100,80,20
